{
  "project_info": {
    "project_number": "459115792932",
    "project_id": "materix-5d083",
    "storage_bucket": "materix-5d083.appspot.com"
  },
  "client": [
    {
      "client_info": {
        "mobilesdk_app_id": "1:459115792932:android:ec460d5d22e4ad2be6e6b1",
        "android_client_info": {
          "package_name": "com.lone.materix"
        }
      },
      "oauth_client": [
        {
          "client_id": "459115792932-4qt5g82b5bhvs9v2gtcpam6f958m1ibf.apps.googleusercontent.com",
          "client_type": 1,
          "android_info": {
            "package_name": "com.lone.materix",
            "certificate_hash": "9bbb3186b2189ef16d8f272bdab59362c395cbb4"
          }
        },
        {
          "client_id": "459115792932-amq1tbio6evkfb1ltd4a4viggn96tbld.apps.googleusercontent.com",
          "client_type": 3
        }
      ],
      "api_key": [
        {
          "current_key": "AIzaSyB-oBXV6J1sTXiJf-PdOhkaa9eSAtI3IUQ"
        }
      ],
      "services": {
        "appinvite_service": {
          "other_platform_oauth_client": [
            {
              "client_id": "459115792932-amq1tbio6evkfb1ltd4a4viggn96tbld.apps.googleusercontent.com",
              "client_type": 3
            },
            {
              "client_id": "459115792932-l3nftc60of1qpv73d4ca0fs6g4unl41b.apps.googleusercontent.com",
              "client_type": 2,
              "ios_info": {
                "bundle_id": "com.wlff.materix"
              }
            }
          ]
        }
      }
    },
    {
      "client_info": {
        "mobilesdk_app_id": "1:459115792932:android:d19fa614833c908de6e6b1",
        "android_client_info": {
          "package_name": "com.wlff.materix"
        }
      },
      "oauth_client": [
        {
          "client_id": "459115792932-hlsjfja727kb6bndi31aqltaca8mtemm.apps.googleusercontent.com",
          "client_type": 1,
          "android_info": {
            "package_name": "com.wlff.materix",
            "certificate_hash": "9bbb3186b2189ef16d8f272bdab59362c395cbb4"
          }
        },
        {
          "client_id": "459115792932-amq1tbio6evkfb1ltd4a4viggn96tbld.apps.googleusercontent.com",
          "client_type": 3
        }
      ],
      "api_key": [
        {
          "current_key": "AIzaSyB-oBXV6J1sTXiJf-PdOhkaa9eSAtI3IUQ"
        }
      ],
      "services": {
        "appinvite_service": {
          "other_platform_oauth_client": [
            {
              "client_id": "459115792932-amq1tbio6evkfb1ltd4a4viggn96tbld.apps.googleusercontent.com",
              "client_type": 3
            },
            {
              "client_id": "459115792932-l3nftc60of1qpv73d4ca0fs6g4unl41b.apps.googleusercontent.com",
              "client_type": 2,
              "ios_info": {
                "bundle_id": "com.wlff.materix"
              }
            }
          ]
        }
      }
    }
  ],
  "configuration_version": "1"
}