{
  "indexes": [
    {
      "collectionGroup": "tasks",
      "queryScope": "COLLECTION",
      "fields": [
        {
          "fieldPath": "status",
          "order": "ASCENDING"
        },
        {
          "fieldPath": "created_at",
          "order": "DESCENDING"
        }
      ]
    },
    {
      "collectionGroup": "tasks",
      "queryScope": "COLLECTION_GROUP",
      "fields": [
        {
          "fieldPath": "status",
          "order": "ASCENDING"
        },
        {
          "fieldPath": "created_at",
          "order": "DESCENDING"
        }
      ]
    },
    {
      "collectionGroup": "events",
      "queryScope": "COLLECTION_GROUP",
      "fields": [
        {
          "fieldPath": "invited",
          "arrayConfig": "CONTAINS"
        },
        {
          "fieldPath": "date",
          "order": "DESCENDING"
        }
      ]
    },
    {
      "collectionGroup": "chats",
      "queryScope": "COLLECTION",
      "fields": [
        {
          "fieldPath": "users",
          "arrayConfig": "CONTAINS"
        },
        {
          "fieldPath": "last_message_time",
          "order": "DESCENDING"
        }
      ]
    },
    {
      "collectionGroup": "chat_messages",
      "queryScope": "COLLECTION",
      "fields": [
        {
          "fieldPath": "chat",
          "order": "ASCENDING"
        },
        {
          "fieldPath": "timestamp",
          "order": "DESCENDING"
        }
      ]
    }
  ],
  "fieldOverrides": [
    {
      "collectionGroup": "reviews",
      "fieldPath": "reviewd_user",
      "indexes": [
        {
          "order": "ASCENDING",
          "queryScope": "COLLECTION_GROUP"
        }
      ]
    }
  ]
}